key_id;tournament_id;tournament_name;match_id;match_name;stage_name;group_name;group_stage;knockout_stage;replayed;replay;match_date;match_time;stadium_id;stadium_name;city_name;country_name;home_team_id;home_team_name;home_team_code;away_team_id;away_team_name;away_team_code;score;home_team_score;away_team_score;home_team_score_margin;away_team_score_margin;extra_time;penalty_shootout;score_penalties;home_team_score_penalties;away_team_score_penalties;result;home_team_win;away_team_win;draw
773;WC-2014;2014 FIFA World Cup;M-2014-01;Brazil v Croatia;group stage;Group A;1;0;0;0;2014-06-12;17:00;S-022;Arena Corinthians;São Paulo;Brazil;T-09;Brazil;BRA;T-17;Croatia;HRV;3–1;3;1;2;-2;0;0;0-0;0;0;home team win;1;0;0
774;WC-2014;2014 FIFA World Cup;M-2014-02;Mexico v Cameroon;group stage;Group A;1;0;0;0;2014-06-13;13:00;S-015;Arena das Dunas;Natal;Brazil;T-44;Mexico;MEX;T-11;Cameroon;CMR;1–0;1;0;1;-1;0;0;0-0;0;0;home team win;1;0;0
775;WC-2014;2014 FIFA World Cup;M-2014-03;Spain v Netherlands;group stage;Group B;1;0;0;0;2014-06-13;16:00;S-021;Arena Fonte Nova;Salvador;Brazil;T-70;Spain;ESP;T-46;Netherlands;NLD;1–5;1;5;-4;4;0;0;0-0;0;0;away team win;0;1;0
776;WC-2014;2014 FIFA World Cup;M-2014-04;Chile v Australia;group stage;Group B;1;0;0;0;2014-06-13;18:00;S-010;Arena Pantanal;Cuiabá;Brazil;T-13;Chile;CHL;T-04;Australia;AUS;3–1;3;1;2;-2;0;0;0-0;0;0;home team win;1;0;0
777;WC-2014;2014 FIFA World Cup;M-2014-05;Colombia v Greece;group stage;Group C;1;0;0;0;2014-06-14;13:00;S-008;Estádio Mineirão;Belo Horizonte;Brazil;T-15;Colombia;COL;T-31;Greece;GRC;3–0;3;0;3;-3;0;0;0-0;0;0;home team win;1;0;0
778;WC-2014;2014 FIFA World Cup;M-2014-06;Uruguay v Costa Rica;group stage;Group D;1;0;0;0;2014-06-14;16:00;S-013;Estádio Castelão;Fortaleza;Brazil;T-80;Uruguay;URY;T-16;Costa Rica;CRI;1–3;1;3;-2;2;0;0;0-0;0;0;away team win;0;1;0
779;WC-2014;2014 FIFA World Cup;M-2014-07;England v Italy;group stage;Group D;1;0;0;0;2014-06-14;18:00;S-014;Arena da Amazônia;Manaus;Brazil;T-27;England;ENG;T-39;Italy;ITA;1–2;1;2;-1;1;0;0;0-0;0;0;away team win;0;1;0
780;WC-2014;2014 FIFA World Cup;M-2014-08;Ivory Coast v Japan;group stage;Group C;1;0;0;0;2014-06-14;22:00;S-018;Arena Pernambuco;Recife;Brazil;T-40;Ivory Coast;CIV;T-42;Japan;JPN;2–1;2;1;1;-1;0;0;0-0;0;0;home team win;1;0;0
781;WC-2014;2014 FIFA World Cup;M-2014-09;Switzerland v Ecuador;group stage;Group E;1;0;0;0;2014-06-15;13:00;S-009;Estádio Nacional;Brasília;Brazil;T-72;Switzerland;CHE;T-24;Ecuador;ECU;2–1;2;1;1;-1;0;0;0-0;0;0;home team win;1;0;0
782;WC-2014;2014 FIFA World Cup;M-2014-10;France v Honduras;group stage;Group E;1;0;0;0;2014-06-15;16:00;S-016;Estádio Beira-Rio;Porto Alegre;Brazil;T-28;France;FRA;T-33;Honduras;HND;3–0;3;0;3;-3;0;0;0-0;0;0;home team win;1;0;0
783;WC-2014;2014 FIFA World Cup;M-2014-11;Argentina v Bosnia and Herzegovina;group stage;Group F;1;0;0;0;2014-06-15;19:00;S-020;Estádio do Maracanã;Rio de Janeiro;Brazil;T-03;Argentina;ARG;T-08;Bosnia and Herzegovina;BIH;2–1;2;1;1;-1;0;0;0-0;0;0;home team win;1;0;0
784;WC-2014;2014 FIFA World Cup;M-2014-12;Germany v Portugal;group stage;Group G;1;0;0;0;2014-06-16;13:00;S-021;Arena Fonte Nova;Salvador;Brazil;T-29;Germany;DEU;T-56;Portugal;PRT;4–0;4;0;4;-4;0;0;0-0;0;0;home team win;1;0;0
785;WC-2014;2014 FIFA World Cup;M-2014-13;Iran v Nigeria;group stage;Group F;1;0;0;0;2014-06-16;16:00;S-011;Arena da Baixada;Curitiba;Brazil;T-36;Iran;IRN;T-48;Nigeria;NGA;0–0;0;0;0;0;0;0;0-0;0;0;draw;0;0;1
786;WC-2014;2014 FIFA World Cup;M-2014-14;Ghana v United States;group stage;Group G;1;0;0;0;2014-06-16;19:00;S-015;Arena das Dunas;Natal;Brazil;T-30;Ghana;GHA;T-79;United States;USA;1–2;1;2;-1;1;0;0;0-0;0;0;away team win;0;1;0
787;WC-2014;2014 FIFA World Cup;M-2014-15;Belgium v Algeria;group stage;Group H;1;0;0;0;2014-06-17;13:00;S-008;Estádio Mineirão;Belo Horizonte;Brazil;T-06;Belgium;BEL;T-01;Algeria;DZA;2–1;2;1;1;-1;0;0;0-0;0;0;home team win;1;0;0
788;WC-2014;2014 FIFA World Cup;M-2014-16;Brazil v Mexico;group stage;Group A;1;0;0;0;2014-06-17;16:00;S-013;Estádio Castelão;Fortaleza;Brazil;T-09;Brazil;BRA;T-44;Mexico;MEX;0–0;0;0;0;0;0;0;0-0;0;0;draw;0;0;1
789;WC-2014;2014 FIFA World Cup;M-2014-17;Russia v South Korea;group stage;Group H;1;0;0;0;2014-06-17;18:00;S-010;Arena Pantanal;Cuiabá;Brazil;T-59;Russia;RUS;T-68;South Korea;KOR;1–1;1;1;0;0;0;0;0-0;0;0;draw;0;0;1
790;WC-2014;2014 FIFA World Cup;M-2014-18;Australia v Netherlands;group stage;Group B;1;0;0;0;2014-06-18;13:00;S-016;Estádio Beira-Rio;Porto Alegre;Brazil;T-04;Australia;AUS;T-46;Netherlands;NLD;2–3;2;3;-1;1;0;0;0-0;0;0;away team win;0;1;0
791;WC-2014;2014 FIFA World Cup;M-2014-19;Spain v Chile;group stage;Group B;1;0;0;0;2014-06-18;16:00;S-020;Estádio do Maracanã;Rio de Janeiro;Brazil;T-70;Spain;ESP;T-13;Chile;CHL;0–2;0;2;-2;2;0;0;0-0;0;0;away team win;0;1;0
792;WC-2014;2014 FIFA World Cup;M-2014-20;Cameroon v Croatia;group stage;Group A;1;0;0;0;2014-06-18;18:00;S-014;Arena da Amazônia;Manaus;Brazil;T-11;Cameroon;CMR;T-17;Croatia;HRV;0–4;0;4;-4;4;0;0;0-0;0;0;away team win;0;1;0
793;WC-2014;2014 FIFA World Cup;M-2014-21;Colombia v Ivory Coast;group stage;Group C;1;0;0;0;2014-06-19;13:00;S-009;Estádio Nacional;Brasília;Brazil;T-15;Colombia;COL;T-40;Ivory Coast;CIV;2–1;2;1;1;-1;0;0;0-0;0;0;home team win;1;0;0
794;WC-2014;2014 FIFA World Cup;M-2014-22;Uruguay v England;group stage;Group D;1;0;0;0;2014-06-19;16:00;S-022;Arena Corinthians;São Paulo;Brazil;T-80;Uruguay;URY;T-27;England;ENG;2–1;2;1;1;-1;0;0;0-0;0;0;home team win;1;0;0
795;WC-2014;2014 FIFA World Cup;M-2014-23;Japan v Greece;group stage;Group C;1;0;0;0;2014-06-19;19:00;S-015;Arena das Dunas;Natal;Brazil;T-42;Japan;JPN;T-31;Greece;GRC;0–0;0;0;0;0;0;0;0-0;0;0;draw;0;0;1
796;WC-2014;2014 FIFA World Cup;M-2014-24;Italy v Costa Rica;group stage;Group D;1;0;0;0;2014-06-20;13:00;S-018;Arena Pernambuco;Recife;Brazil;T-39;Italy;ITA;T-16;Costa Rica;CRI;0–1;0;1;-1;1;0;0;0-0;0;0;away team win;0;1;0
797;WC-2014;2014 FIFA World Cup;M-2014-25;Switzerland v France;group stage;Group E;1;0;0;0;2014-06-20;16:00;S-021;Arena Fonte Nova;Salvador;Brazil;T-72;Switzerland;CHE;T-28;France;FRA;2–5;2;5;-3;3;0;0;0-0;0;0;away team win;0;1;0
798;WC-2014;2014 FIFA World Cup;M-2014-26;Honduras v Ecuador;group stage;Group E;1;0;0;0;2014-06-20;19:00;S-011;Arena da Baixada;Curitiba;Brazil;T-33;Honduras;HND;T-24;Ecuador;ECU;1–2;1;2;-1;1;0;0;0-0;0;0;away team win;0;1;0
799;WC-2014;2014 FIFA World Cup;M-2014-27;Argentina v Iran;group stage;Group F;1;0;0;0;2014-06-21;13:00;S-008;Estádio Mineirão;Belo Horizonte;Brazil;T-03;Argentina;ARG;T-36;Iran;IRN;1–0;1;0;1;-1;0;0;0-0;0;0;home team win;1;0;0
800;WC-2014;2014 FIFA World Cup;M-2014-28;Germany v Ghana;group stage;Group G;1;0;0;0;2014-06-21;16:00;S-013;Estádio Castelão;Fortaleza;Brazil;T-29;Germany;DEU;T-30;Ghana;GHA;2–2;2;2;0;0;0;0;0-0;0;0;draw;0;0;1
801;WC-2014;2014 FIFA World Cup;M-2014-29;Nigeria v Bosnia and Herzegovina;group stage;Group F;1;0;0;0;2014-06-21;18:00;S-010;Arena Pantanal;Cuiabá;Brazil;T-48;Nigeria;NGA;T-08;Bosnia and Herzegovina;BIH;1–0;1;0;1;-1;0;0;0-0;0;0;home team win;1;0;0
802;WC-2014;2014 FIFA World Cup;M-2014-30;Belgium v Russia;group stage;Group H;1;0;0;0;2014-06-22;13:00;S-020;Estádio do Maracanã;Rio de Janeiro;Brazil;T-06;Belgium;BEL;T-59;Russia;RUS;1–0;1;0;1;-1;0;0;0-0;0;0;home team win;1;0;0
803;WC-2014;2014 FIFA World Cup;M-2014-31;South Korea v Algeria;group stage;Group H;1;0;0;0;2014-06-22;16:00;S-016;Estádio Beira-Rio;Porto Alegre;Brazil;T-68;South Korea;KOR;T-01;Algeria;DZA;2–4;2;4;-2;2;0;0;0-0;0;0;away team win;0;1;0
804;WC-2014;2014 FIFA World Cup;M-2014-32;United States v Portugal;group stage;Group G;1;0;0;0;2014-06-22;18:00;S-014;Arena da Amazônia;Manaus;Brazil;T-79;United States;USA;T-56;Portugal;PRT;2–2;2;2;0;0;0;0;0-0;0;0;draw;0;0;1
805;WC-2014;2014 FIFA World Cup;M-2014-33;Australia v Spain;group stage;Group B;1;0;0;0;2014-06-23;13:00;S-011;Arena da Baixada;Curitiba;Brazil;T-04;Australia;AUS;T-70;Spain;ESP;0–3;0;3;-3;3;0;0;0-0;0;0;away team win;0;1;0
806;WC-2014;2014 FIFA World Cup;M-2014-34;Netherlands v Chile;group stage;Group B;1;0;0;0;2014-06-23;13:00;S-022;Arena Corinthians;São Paulo;Brazil;T-46;Netherlands;NLD;T-13;Chile;CHL;2–0;2;0;2;-2;0;0;0-0;0;0;home team win;1;0;0
807;WC-2014;2014 FIFA World Cup;M-2014-35;Cameroon v Brazil;group stage;Group A;1;0;0;0;2014-06-23;17:00;S-009;Estádio Nacional;Brasília;Brazil;T-11;Cameroon;CMR;T-09;Brazil;BRA;1–4;1;4;-3;3;0;0;0-0;0;0;away team win;0;1;0
808;WC-2014;2014 FIFA World Cup;M-2014-36;Croatia v Mexico;group stage;Group A;1;0;0;0;2014-06-23;17:00;S-018;Arena Pernambuco;Recife;Brazil;T-17;Croatia;HRV;T-44;Mexico;MEX;1–3;1;3;-2;2;0;0;0-0;0;0;away team win;0;1;0
809;WC-2014;2014 FIFA World Cup;M-2014-37;Costa Rica v England;group stage;Group D;1;0;0;0;2014-06-24;13:00;S-008;Estádio Mineirão;Belo Horizonte;Brazil;T-16;Costa Rica;CRI;T-27;England;ENG;0–0;0;0;0;0;0;0;0-0;0;0;draw;0;0;1
810;WC-2014;2014 FIFA World Cup;M-2014-38;Italy v Uruguay;group stage;Group D;1;0;0;0;2014-06-24;13:00;S-015;Arena das Dunas;Natal;Brazil;T-39;Italy;ITA;T-80;Uruguay;URY;0–1;0;1;-1;1;0;0;0-0;0;0;away team win;0;1;0
811;WC-2014;2014 FIFA World Cup;M-2014-39;Japan v Colombia;group stage;Group C;1;0;0;0;2014-06-24;16:00;S-010;Arena Pantanal;Cuiabá;Brazil;T-42;Japan;JPN;T-15;Colombia;COL;1–4;1;4;-3;3;0;0;0-0;0;0;away team win;0;1;0
812;WC-2014;2014 FIFA World Cup;M-2014-40;Greece v Ivory Coast;group stage;Group C;1;0;0;0;2014-06-24;17:00;S-013;Estádio Castelão;Fortaleza;Brazil;T-31;Greece;GRC;T-40;Ivory Coast;CIV;2–1;2;1;1;-1;0;0;0-0;0;0;home team win;1;0;0
813;WC-2014;2014 FIFA World Cup;M-2014-41;Bosnia and Herzegovina v Iran;group stage;Group F;1;0;0;0;2014-06-25;13:00;S-021;Arena Fonte Nova;Salvador;Brazil;T-08;Bosnia and Herzegovina;BIH;T-36;Iran;IRN;3–1;3;1;2;-2;0;0;0-0;0;0;home team win;1;0;0
814;WC-2014;2014 FIFA World Cup;M-2014-42;Nigeria v Argentina;group stage;Group F;1;0;0;0;2014-06-25;13:00;S-016;Estádio Beira-Rio;Porto Alegre;Brazil;T-48;Nigeria;NGA;T-03;Argentina;ARG;2–3;2;3;-1;1;0;0;0-0;0;0;away team win;0;1;0
815;WC-2014;2014 FIFA World Cup;M-2014-43;Honduras v Switzerland;group stage;Group E;1;0;0;0;2014-06-25;16:00;S-014;Arena da Amazônia;Manaus;Brazil;T-33;Honduras;HND;T-72;Switzerland;CHE;0–3;0;3;-3;3;0;0;0-0;0;0;away team win;0;1;0
816;WC-2014;2014 FIFA World Cup;M-2014-44;Ecuador v France;group stage;Group E;1;0;0;0;2014-06-25;17:00;S-020;Estádio do Maracanã;Rio de Janeiro;Brazil;T-24;Ecuador;ECU;T-28;France;FRA;0–0;0;0;0;0;0;0;0-0;0;0;draw;0;0;1
817;WC-2014;2014 FIFA World Cup;M-2014-45;Portugal v Ghana;group stage;Group G;1;0;0;0;2014-06-26;13:00;S-009;Estádio Nacional;Brasília;Brazil;T-56;Portugal;PRT;T-30;Ghana;GHA;2–1;2;1;1;-1;0;0;0-0;0;0;home team win;1;0;0
818;WC-2014;2014 FIFA World Cup;M-2014-46;United States v Germany;group stage;Group G;1;0;0;0;2014-06-26;13:00;S-018;Arena Pernambuco;Recife;Brazil;T-79;United States;USA;T-29;Germany;DEU;0–1;0;1;-1;1;0;0;0-0;0;0;away team win;0;1;0
819;WC-2014;2014 FIFA World Cup;M-2014-47;Algeria v Russia;group stage;Group H;1;0;0;0;2014-06-26;17:00;S-011;Arena da Baixada;Curitiba;Brazil;T-01;Algeria;DZA;T-59;Russia;RUS;1–1;1;1;0;0;0;0;0-0;0;0;draw;0;0;1
820;WC-2014;2014 FIFA World Cup;M-2014-48;South Korea v Belgium;group stage;Group H;1;0;0;0;2014-06-26;17:00;S-022;Arena Corinthians;São Paulo;Brazil;T-68;South Korea;KOR;T-06;Belgium;BEL;0–1;0;1;-1;1;0;0;0-0;0;0;away team win;0;1;0
821;WC-2014;2014 FIFA World Cup;M-2014-49;Brazil v Chile;round of 16;not applicable;0;1;0;0;2014-06-28;13:00;S-008;Estádio Mineirão;Belo Horizonte;Brazil;T-09;Brazil;BRA;T-13;Chile;CHL;1–1;1;1;0;0;1;1;3–2;3;2;home team win;1;0;0
822;WC-2014;2014 FIFA World Cup;M-2014-50;Colombia v Uruguay;round of 16;not applicable;0;1;0;0;2014-06-28;17:00;S-020;Estádio do Maracanã;Rio de Janeiro;Brazil;T-15;Colombia;COL;T-80;Uruguay;URY;2–0;2;0;2;-2;0;0;0-0;0;0;home team win;1;0;0
823;WC-2014;2014 FIFA World Cup;M-2014-51;Netherlands v Mexico;round of 16;not applicable;0;1;0;0;2014-06-29;13:00;S-013;Estádio Castelão;Fortaleza;Brazil;T-46;Netherlands;NLD;T-44;Mexico;MEX;2–1;2;1;1;-1;0;0;0-0;0;0;home team win;1;0;0
824;WC-2014;2014 FIFA World Cup;M-2014-52;Costa Rica v Greece;round of 16;not applicable;0;1;0;0;2014-06-29;17:00;S-018;Arena Pernambuco;Recife;Brazil;T-16;Costa Rica;CRI;T-31;Greece;GRC;1–1;1;1;0;0;1;1;5–3;5;3;home team win;1;0;0
825;WC-2014;2014 FIFA World Cup;M-2014-53;France v Nigeria;round of 16;not applicable;0;1;0;0;2014-06-30;13:00;S-009;Estádio Nacional;Brasília;Brazil;T-28;France;FRA;T-48;Nigeria;NGA;2–0;2;0;2;-2;0;0;0-0;0;0;home team win;1;0;0
826;WC-2014;2014 FIFA World Cup;M-2014-54;Germany v Algeria;round of 16;not applicable;0;1;0;0;2014-06-30;17:00;S-016;Estádio Beira-Rio;Porto Alegre;Brazil;T-29;Germany;DEU;T-01;Algeria;DZA;2–1;2;1;1;-1;1;0;0-0;0;0;home team win;1;0;0
827;WC-2014;2014 FIFA World Cup;M-2014-55;Argentina v Switzerland;round of 16;not applicable;0;1;0;0;2014-07-01;13:00;S-022;Arena Corinthians;São Paulo;Brazil;T-03;Argentina;ARG;T-72;Switzerland;CHE;1–0;1;0;1;-1;1;0;0-0;0;0;home team win;1;0;0
828;WC-2014;2014 FIFA World Cup;M-2014-56;Belgium v United States;round of 16;not applicable;0;1;0;0;2014-07-01;17:00;S-021;Arena Fonte Nova;Salvador;Brazil;T-06;Belgium;BEL;T-79;United States;USA;2–1;2;1;1;-1;1;0;0-0;0;0;home team win;1;0;0
829;WC-2014;2014 FIFA World Cup;M-2014-57;France v Germany;quarter-finals;not applicable;0;1;0;0;2014-07-04;13:00;S-020;Estádio do Maracanã;Rio de Janeiro;Brazil;T-28;France;FRA;T-29;Germany;DEU;0–1;0;1;-1;1;0;0;0-0;0;0;away team win;0;1;0
830;WC-2014;2014 FIFA World Cup;M-2014-58;Brazil v Colombia;quarter-finals;not applicable;0;1;0;0;2014-07-04;17:00;S-013;Estádio Castelão;Fortaleza;Brazil;T-09;Brazil;BRA;T-15;Colombia;COL;2–1;2;1;1;-1;0;0;0-0;0;0;home team win;1;0;0
831;WC-2014;2014 FIFA World Cup;M-2014-59;Argentina v Belgium;quarter-finals;not applicable;0;1;0;0;2014-07-05;13:00;S-009;Estádio Nacional;Brasília;Brazil;T-03;Argentina;ARG;T-06;Belgium;BEL;1–0;1;0;1;-1;0;0;0-0;0;0;home team win;1;0;0
832;WC-2014;2014 FIFA World Cup;M-2014-60;Netherlands v Costa Rica;quarter-finals;not applicable;0;1;0;0;2014-07-05;17:00;S-021;Arena Fonte Nova;Salvador;Brazil;T-46;Netherlands;NLD;T-16;Costa Rica;CRI;0–0;0;0;0;0;1;1;4–3;4;3;home team win;1;0;0
833;WC-2014;2014 FIFA World Cup;M-2014-61;Brazil v Germany;semi-finals;not applicable;0;1;0;0;2014-07-08;17:00;S-008;Estádio Mineirão;Belo Horizonte;Brazil;T-09;Brazil;BRA;T-29;Germany;DEU;1–7;1;7;-6;6;0;0;0-0;0;0;away team win;0;1;0
834;WC-2014;2014 FIFA World Cup;M-2014-62;Netherlands v Argentina;semi-finals;not applicable;0;1;0;0;2014-07-09;17:00;S-022;Arena Corinthians;São Paulo;Brazil;T-46;Netherlands;NLD;T-03;Argentina;ARG;0–0;0;0;0;0;1;1;2–4;2;4;away team win;0;1;0
835;WC-2014;2014 FIFA World Cup;M-2014-63;Brazil v Netherlands;third-place match;not applicable;0;1;0;0;2014-07-12;17:00;S-009;Estádio Nacional;Brasília;Brazil;T-09;Brazil;BRA;T-46;Netherlands;NLD;0–3;0;3;-3;3;0;0;0-0;0;0;away team win;0;1;0
836;WC-2014;2014 FIFA World Cup;M-2014-64;Germany v Argentina;final;not applicable;0;1;0;0;2014-07-13;16:00;S-020;Estádio do Maracanã;Rio de Janeiro;Brazil;T-29;Germany;DEU;T-03;Argentina;ARG;1–0;1;0;1;-1;1;0;0-0;0;0;home team win;1;0;0
