idade;selecao;score;funcao
28;belgica;91.0;ataque
28;belgica;91.0;ataque
27;belgica;88.5;defesa
30;belgica;87.0;defesa
32;belgica;87.0;ataque
32;belgica;87.0;defesa
26;belgica;87.0;ataque
31;belgica;85.0;ataque
30;belgica;85.0;ataque
33;belgica;84.0;defesa
26;belgica;83.5;ataque
27;belgica;84.0;defesa
26;belgica;82.5;ataque
27;belgica;82.5;ataque
32;belgica;81.0;ataque
25;belgica;81.5;ataque
24;belgica;82.0;defesa
24;belgica;82.0;ataque
24;belgica;82.0;ataque
24;belgica;81.0;ataque
27;belgica;79.5;ataque
22;belgica;82.5;ataque
27;belgica;79.5;defesa
28;belgica;79.0;defesa
31;belgica;78.0;defesa
31;belgica;78.0;ataque
31;belgica;78.0;ataque
33;belgica;78.0;defesa
24;belgica;79.5;ataque
25;belgica;78.5;ataque
30;belgica;77.0;ataque
25;belgica;79.5;ataque
30;belgica;77.0;ataque
26;belgica;77.5;defesa
24;belgica;79.5;defesa
31;belgica;76.0;ataque
31;belgica;76.0;ataque
36;belgica;76.0;defesa
22;belgica;79.0;ataque
21;belgica;78.5;ataque
23;belgica;78.0;ataque
23;belgica;78.0;ataque
24;belgica;77.5;defesa
24;belgica;77.5;ataque
28;belgica;76.0;defesa
26;belgica;76.5;ataque
28;belgica;76.0;defesa
28;belgica;75.0;ataque
23;belgica;78.5;ataque
30;belgica;74.0;ataque
25;belgica;76.0;ataque
22;belgica;77.5;ataque
26;belgica;75.5;defesa
33;belgica;74.0;ataque
35;belgica;74.0;defesa
20;belgica;80.0;defesa
21;belgica;78.5;ataque
22;belgica;76.0;ataque
27;belgica;73.0;ataque
27;belgica;74.5;defesa
34;croacia;91.0;ataque
31;croacia;87.0;ataque
33;croacia;85.0;ataque
30;croacia;85.0;ataque
28;croacia;83.0;ataque
25;croacia;84.0;ataque
33;croacia;82.0;defesa
26;croacia;82.0;ataque
27;croacia;81.0;defesa
30;croacia;81.0;defesa
34;croacia;81.0;defesa
25;croacia;82.0;ataque
30;croacia;80.0;defesa
30;croacia;79.0;ataque
31;croacia;79.0;ataque
21;croacia;81.0;ataque
22;croacia;80.5;defesa
24;croacia;80.0;defesa
21;croacia;80.0;ataque
24;croacia;79.0;ataque
24;croacia;79.0;ataque
24;croacia;79.5;ataque
23;croacia;79.5;defesa
26;croacia;77.5;ataque
24;croacia;78.0;ataque
22;croacia;78.0;defesa
29;croacia;76.0;defesa
23;croacia;78.5;ataque
29;croacia;75.0;defesa
30;croacia;74.0;ataque
32;croacia;74.0;defesa
22;croacia;78.0;defesa
21;croacia;78.5;ataque
25;croacia;75.5;defesa
25;croacia;75.5;ataque
22;croacia;77.5;ataque
26;croacia;73.5;ataque
30;croacia;73.0;ataque
24;croacia;76.5;ataque
32;croacia;73.0;ataque
22;croacia;77.5;defesa
28;croacia;72.5;defesa
24;croacia;74.5;ataque
25;croacia;74.0;defesa
28;croacia;72.5;defesa
30;croacia;72.0;ataque
34;croacia;72.0;ataque
22;croacia;75.5;ataque
21;croacia;76.0;ataque
22;croacia;74.5;defesa
26;croacia;72.5;defesa
28;croacia;71.0;ataque
26;croacia;71.5;ataque
29;croacia;71.0;ataque
28;croacia;71.0;ataque
23;croacia;73.5;ataque
22;croacia;75.5;defesa
21;croacia;76.0;ataque
27;croacia;70.0;ataque
26;croacia;71.5;defesa
27;dinamarca;88.5;ataque
32;dinamarca;83.0;defesa
28;dinamarca;82.5;ataque
30;dinamarca;81.0;defesa
23;dinamarca;83.5;defesa
25;dinamarca;81.0;ataque
27;dinamarca;79.5;defesa
30;dinamarca;79.0;ataque
24;dinamarca;81.0;ataque
33;dinamarca;78.0;ataque
22;dinamarca;81.0;defesa
23;dinamarca;81.0;defesa
24;dinamarca;79.5;ataque
25;dinamarca;78.5;ataque
28;dinamarca;77.0;ataque
21;dinamarca;79.5;ataque
29;dinamarca;76.5;defesa
23;dinamarca;78.0;ataque
26;dinamarca;76.5;ataque
23;dinamarca;79.0;ataque
25;dinamarca;77.5;defesa
27;dinamarca;75.5;ataque
27;dinamarca;77.0;defesa
28;dinamarca;75.0;ataque
30;dinamarca;75.5;defesa
20;dinamarca;79.5;ataque
23;dinamarca;78.5;ataque
26;dinamarca;75.0;ataque
29;dinamarca;74.0;ataque
27;dinamarca;74.5;defesa
28;dinamarca;74.0;ataque
31;dinamarca;74.0;defesa
34;dinamarca;74.0;defesa
25;dinamarca;75.5;defesa
26;dinamarca;74.5;defesa
28;dinamarca;73.0;defesa
27;dinamarca;74.5;defesa
27;dinamarca;74.5;defesa
31;dinamarca;73.0;ataque
36;dinamarca;73.0;ataque
36;dinamarca;73.0;ataque
25;dinamarca;73.5;ataque
26;dinamarca;73.5;ataque
25;dinamarca;75.5;ataque
27;dinamarca;73.5;defesa
24;dinamarca;75.0;ataque
28;dinamarca;72.0;ataque
29;dinamarca;72.0;ataque
27;dinamarca;72.0;ataque
27;dinamarca;72.5;defesa
30;dinamarca;72.0;defesa
20;dinamarca;76.5;ataque
28;dinamarca;71.0;ataque
25;dinamarca;72.5;ataque
30;dinamarca;71.0;defesa
31;dinamarca;71.0;ataque
19;dinamarca;76.5;ataque
22;dinamarca;73.5;defesa
22;dinamarca;74.0;ataque
26;dinamarca;71.0;ataque
26;inglaterra;91.0;ataque
24;inglaterra;88.0;ataque
23;inglaterra;87.5;ataque
29;inglaterra;84.0;defesa
21;inglaterra;86.5;ataque
25;inglaterra;85.5;defesa
25;inglaterra;85.0;defesa
32;inglaterra;82.0;ataque
26;inglaterra;82.5;ataque
26;inglaterra;83.5;defesa
29;inglaterra;82.0;ataque
24;inglaterra;83.0;defesa
28;inglaterra;81.0;defesa
29;inglaterra;81.0;defesa
33;inglaterra;81.0;ataque
19;inglaterra;85.5;ataque
20;inglaterra;84.5;defesa
26;inglaterra;82.5;defesa
26;inglaterra;81.5;ataque
27;inglaterra;80.5;ataque
29;inglaterra;80.0;defesa
33;inglaterra;80.0;defesa
33;inglaterra;80.0;ataque
23;inglaterra;82.5;ataque
26;inglaterra;80.5;defesa
27;inglaterra;80.5;defesa
26;inglaterra;80.5;defesa
25;inglaterra;81.0;defesa
25;inglaterra;80.5;ataque
27;inglaterra;79.5;defesa
27;inglaterra;79.5;ataque
28;inglaterra;79.0;ataque
31;inglaterra;79.0;ataque
33;inglaterra;79.0;defesa
36;inglaterra;79.0;defesa
34;inglaterra;79.0;defesa
22;inglaterra;81.5;defesa
21;inglaterra;82.0;defesa
22;inglaterra;83.0;defesa
22;inglaterra;81.5;ataque
23;inglaterra;81.5;ataque
24;inglaterra;80.5;ataque
25;inglaterra;80.0;defesa
27;inglaterra;79.0;defesa
28;inglaterra;78.0;ataque
28;inglaterra;78.0;defesa
29;inglaterra;78.0;ataque
28;inglaterra;78.0;defesa
29;inglaterra;78.0;defesa
27;inglaterra;78.5;ataque
29;inglaterra;78.0;ataque
29;inglaterra;78.0;ataque
31;inglaterra;78.0;ataque
30;inglaterra;78.0;defesa
30;inglaterra;78.0;defesa
30;inglaterra;78.0;ataque
32;inglaterra;78.0;defesa
22;inglaterra;80.5;ataque
24;inglaterra;80.0;ataque
29;inglaterra;77.0;ataque
28;franca;89.5;ataque
28;franca;89.0;ataque
20;franca;91.5;ataque
26;franca;89.5;ataque
32;franca;88.0;defesa
25;franca;89.5;defesa
25;franca;87.5;defesa
26;franca;88.5;defesa
31;franca;86.0;ataque
28;franca;85.0;ataque
32;franca;85.0;ataque
22;franca;88.0;ataque
24;franca;87.0;defesa
26;franca;85.5;ataque
23;franca;87.0;ataque
26;franca;84.5;ataque
32;franca;84.0;defesa
23;franca;86.0;defesa
25;franca;85.5;ataque
23;franca;86.0;ataque
23;franca;85.5;ataque
24;franca;85.0;ataque
36;franca;83.0;ataque
24;franca;85.0;defesa
25;franca;83.5;ataque
28;franca;83.5;defesa
29;franca;82.0;ataque
32;franca;82.0;ataque
32;franca;82.0;ataque
34;franca;82.0;defesa
22;franca;85.0;ataque
21;franca;85.5;ataque
25;franca;83.5;ataque
26;franca;82.5;ataque
26;franca;82.0;ataque
25;franca;83.5;defesa
26;franca;82.0;defesa
26;franca;82.5;defesa
26;franca;83.5;defesa
34;franca;81.0;ataque
35;franca;81.0;defesa
24;franca;82.5;ataque
25;franca;82.5;ataque
28;franca;80.5;ataque
30;franca;80.0;ataque
29;franca;80.0;ataque
30;franca;80.0;ataque
31;franca;80.0;ataque
34;franca;80.0;ataque
32;franca;80.0;ataque
34;franca;80.0;defesa
34;franca;80.0;defesa
32;franca;80.0;defesa
33;franca;80.0;ataque
20;franca;85.0;defesa
24;franca;82.5;defesa
22;franca;81.5;defesa
23;franca;82.0;defesa
23;franca;82.5;defesa
22;franca;82.5;ataque
27;alemanha;90.5;defesa
29;alemanha;89.0;ataque
30;alemanha;88.0;ataque
30;alemanha;88.0;defesa
33;alemanha;88.0;defesa
23;alemanha;89.0;ataque
24;alemanha;87.0;ataque
29;alemanha;86.0;ataque
30;alemanha;85.0;ataque
24;alemanha;87.0;defesa
23;alemanha;85.5;ataque
24;alemanha;86.0;ataque
24;alemanha;85.5;ataque
28;alemanha;84.0;ataque
31;alemanha;84.0;defesa
32;alemanha;84.0;ataque
20;alemanha;86.5;ataque
23;alemanha;85.5;ataque
25;alemanha;84.5;ataque
26;alemanha;84.5;defesa
29;alemanha;83.5;defesa
27;alemanha;84.5;defesa
31;alemanha;83.0;ataque
23;alemanha;84.5;defesa
26;alemanha;83.5;ataque
26;alemanha;83.0;defesa
29;alemanha;82.0;ataque
27;alemanha;82.5;ataque
27;alemanha;82.5;ataque
29;alemanha;82.5;defesa
30;alemanha;82.5;defesa
30;alemanha;82.0;ataque
25;alemanha;82.0;defesa
28;alemanha;81.5;ataque
26;alemanha;81.5;ataque
27;alemanha;82.0;defesa
31;alemanha;81.0;ataque
31;alemanha;81.0;defesa
30;alemanha;81.0;defesa
22;alemanha;82.5;ataque
24;alemanha;82.0;defesa
27;alemanha;80.5;defesa
25;alemanha;82.5;ataque
27;alemanha;80.0;defesa
31;alemanha;80.0;defesa
22;alemanha;83.0;defesa
23;alemanha;82.0;ataque
24;alemanha;81.5;defesa
27;alemanha;79.5;ataque
29;alemanha;79.0;defesa
25;alemanha;81.0;ataque
26;alemanha;81.0;defesa
26;alemanha;80.0;ataque
27;alemanha;79.5;ataque
28;alemanha;79.0;ataque
29;alemanha;79.0;ataque
30;alemanha;79.0;defesa
29;alemanha;79.0;ataque
22;alemanha;81.5;ataque
23;alemanha;81.0;defesa
30;islandia;82.0;ataque
30;islandia;79.0;ataque
28;islandia;79.0;ataque
26;islandia;75.5;defesa
26;islandia;75.5;defesa
28;islandia;73.0;ataque
30;islandia;73.0;ataque
33;islandia;73.0;defesa
29;islandia;72.0;ataque
35;islandia;72.0;ataque
26;islandia;72.5;ataque
36;islandia;71.0;defesa
25;islandia;72.5;ataque
24;islandia;74.0;defesa
27;islandia;70.5;ataque
32;islandia;70.0;ataque
29;islandia;70.0;ataque
36;islandia;70.0;defesa
22;islandia;75.0;ataque
27;islandia;69.5;ataque
24;islandia;71.0;defesa
35;islandia;69.0;defesa
28;islandia;69.0;ataque
31;islandia;69.0;ataque
31;islandia;69.0;ataque
29;islandia;68.5;defesa
32;islandia;68.0;ataque
20;islandia;74.5;ataque
33;islandia;67.0;ataque
25;islandia;67.5;ataque
24;islandia;68.0;ataque
31;islandia;65.0;ataque
34;islandia;65.0;defesa
20;islandia;68.5;ataque
25;islandia;66.0;defesa
21;islandia;69.5;ataque
31;islandia;64.0;ataque
20;islandia;68.5;ataque
24;islandia;65.5;defesa
24;islandia;65.5;defesa
23;islandia;66.5;ataque
24;islandia;64.5;ataque
26;islandia;61.5;ataque
19;islandia;63.0;ataque
24;islandia;59.0;defesa
24;islandia;59.0;ataque
18;islandia;62.0;defesa
17;islandia;57.5;defesa
31;polonia;90.0;ataque
29;polonia;87.0;defesa
25;polonia;84.0;ataque
25;polonia;84.0;ataque
31;polonia;82.0;defesa
34;polonia;82.0;defesa
34;polonia;81.0;defesa
24;polonia;82.0;ataque
29;polonia;78.0;ataque
24;polonia;79.5;ataque
28;polonia;77.5;defesa
32;polonia;76.0;ataque
23;polonia;79.0;defesa
25;polonia;77.5;defesa
28;polonia;75.0;ataque
39;polonia;75.0;defesa
27;polonia;74.5;defesa
31;polonia;74.0;defesa
31;polonia;74.0;ataque
33;polonia;74.0;ataque
26;polonia;75.0;defesa
22;polonia;78.5;defesa
24;polonia;76.5;ataque
27;polonia;74.0;defesa
29;polonia;73.0;ataque
21;polonia;77.5;ataque
27;polonia;72.5;defesa
22;polonia;77.0;ataque
27;polonia;72.0;ataque
28;polonia;72.0;defesa
33;polonia;72.0;defesa
30;polonia;72.0;ataque
28;polonia;72.0;defesa
24;polonia;73.5;ataque
31;polonia;71.0;ataque
31;polonia;71.0;defesa
31;polonia;71.0;defesa
32;polonia;71.0;defesa
25;polonia;73.0;defesa
26;polonia;70.5;ataque
28;polonia;70.5;ataque
26;polonia;71.0;ataque
30;polonia;70.0;defesa
29;polonia;70.0;defesa
26;polonia;71.5;ataque
27;polonia;70.0;ataque
32;polonia;70.0;ataque
28;polonia;70.5;ataque
33;polonia;70.0;defesa
34;polonia;70.0;defesa
34;polonia;70.0;defesa
36;polonia;70.0;ataque
35;polonia;70.0;defesa
35;polonia;70.0;defesa
21;polonia;76.0;defesa
21;polonia;73.5;ataque
24;polonia;72.0;ataque
24;polonia;72.0;defesa
25;polonia;71.5;ataque
28;polonia;69.0;ataque
34;portugal;94.0;ataque
25;portugal;88.5;ataque
25;portugal;87.0;ataque
28;portugal;86.0;defesa
36;portugal;85.0;defesa
29;portugal;84.0;ataque
22;portugal;86.0;ataque
25;portugal;85.5;defesa
28;portugal;83.5;ataque
31;portugal;83.0;defesa
33;portugal;83.0;ataque
35;portugal;83.0;ataque
24;portugal;84.5;ataque
26;portugal;82.5;ataque
25;portugal;83.5;ataque
27;portugal;83.5;ataque
25;portugal;83.5;defesa
22;portugal;84.0;ataque
26;portugal;82.5;ataque
25;portugal;82.5;ataque
23;portugal;83.0;ataque
23;portugal;82.5;ataque
26;portugal;81.5;ataque
29;portugal;80.0;defesa
32;portugal;80.0;defesa
35;portugal;80.0;defesa
32;portugal;80.0;ataque
22;portugal;82.0;defesa
29;portugal;79.0;ataque
24;portugal;81.5;ataque
28;portugal;79.0;defesa
33;portugal;79.0;ataque
19;portugal;83.5;ataque
23;portugal;81.0;ataque
22;portugal;81.5;ataque
24;portugal;80.0;ataque
28;portugal;79.0;defesa
27;portugal;78.5;ataque
31;portugal;78.0;defesa
30;portugal;78.0;ataque
24;portugal;80.0;ataque
26;portugal;78.0;ataque
26;portugal;77.5;ataque
26;portugal;79.5;defesa
26;portugal;77.5;ataque
28;portugal;77.0;defesa
30;portugal;77.0;ataque
27;portugal;78.5;defesa
31;portugal;77.0;ataque
29;portugal;76.0;ataque
25;portugal;78.0;ataque
25;portugal;78.5;defesa
28;portugal;76.0;ataque
32;portugal;76.0;defesa
37;portugal;76.0;defesa
33;portugal;76.0;ataque
22;portugal;79.5;defesa
24;portugal;78.5;defesa
24;portugal;78.0;ataque
20;portugal;81.0;ataque
28;russia;82.0;ataque
29;russia;80.0;ataque
33;russia;80.0;defesa
35;russia;80.0;defesa
27;russia;80.0;defesa
23;russia;82.0;ataque
25;russia;82.5;ataque
28;russia;79.0;ataque
25;russia;81.0;defesa
25;russia;80.0;defesa
29;russia;78.0;ataque
31;russia;78.0;ataque
33;russia;78.0;defesa
26;russia;78.5;ataque
23;russia;79.5;ataque
30;russia;77.0;defesa
36;russia;76.0;ataque
29;russia;76.0;defesa
30;russia;75.0;ataque
32;russia;75.0;ataque
28;russia;75.0;ataque
32;russia;75.0;defesa
30;russia;74.0;defesa
26;russia;76.5;defesa
32;russia;74.0;defesa
32;russia;74.0;ataque
35;russia;74.0;defesa
35;russia;74.0;defesa
21;russia;79.0;ataque
25;russia;74.5;ataque
23;russia;77.0;ataque
24;russia;75.0;defesa
30;russia;73.0;ataque
31;russia;73.0;defesa
32;russia;73.0;defesa
33;russia;73.0;ataque
32;russia;73.0;defesa
21;russia;78.0;ataque
26;russia;73.0;ataque
32;russia;72.0;defesa
21;russia;76.5;ataque
30;russia;71.0;ataque
29;russia;71.0;ataque
23;russia;73.5;ataque
21;russia;76.5;defesa
22;russia;74.0;ataque
28;russia;70.0;defesa
29;russia;70.0;ataque
22;russia;75.0;defesa
23;russia;74.0;defesa
23;russia;73.5;defesa
21;russia;74.0;ataque
29;russia;68.0;ataque
24;russia;70.5;ataque
32;russia;68.0;defesa
21;russia;72.5;defesa
21;russia;72.0;ataque
21;russia;72.5;ataque
20;russia;72.0;defesa
23;russia;71.0;defesa
28;espanha;91.0;defesa
33;espanha;90.0;ataque
33;espanha;90.0;defesa
31;espanha;89.0;ataque
32;espanha;88.0;defesa
27;espanha;87.5;ataque
28;espanha;87.0;ataque
30;espanha;87.0;defesa
24;espanha;87.5;ataque
27;espanha;85.5;defesa
27;espanha;85.0;ataque
30;espanha;85.0;ataque
30;espanha;85.0;defesa
23;espanha;86.5;ataque
24;espanha;87.0;defesa
32;espanha;84.0;ataque
29;espanha;84.0;ataque
32;espanha;84.0;ataque
30;espanha;84.0;ataque
34;espanha;84.0;defesa
23;espanha;85.5;ataque
28;espanha;83.0;ataque
25;espanha;84.0;ataque
29;espanha;83.5;defesa
27;espanha;83.5;ataque
27;espanha;83.5;ataque
28;espanha;83.0;ataque
28;espanha;83.5;defesa
28;espanha;83.0;defesa
28;espanha;83.0;ataque
30;espanha;83.5;defesa
31;espanha;83.0;defesa
38;espanha;83.0;defesa
35;espanha;83.0;ataque
23;espanha;86.0;ataque
24;espanha;84.5;defesa
23;espanha;84.0;defesa
26;espanha;83.0;ataque
26;espanha;83.5;ataque
26;espanha;83.0;ataque
30;espanha;82.0;ataque
26;espanha;82.5;ataque
32;espanha;82.0;ataque
31;espanha;82.0;ataque
32;espanha;82.0;defesa
32;espanha;82.0;ataque
38;espanha;82.0;ataque
37;espanha;82.0;defesa
23;espanha;84.0;ataque
23;espanha;84.5;ataque
32;espanha;81.0;ataque
25;espanha;83.5;ataque
29;espanha;81.0;ataque
24;espanha;83.0;ataque
27;espanha;81.5;ataque
29;espanha;81.0;ataque
32;espanha;81.0;ataque
34;espanha;81.0;ataque
33;espanha;81.0;ataque
38;espanha;81.0;ataque
37;suecia;85.0;ataque
27;suecia;82.5;ataque
25;suecia;84.0;defesa
33;suecia;79.0;defesa
29;suecia;78.0;defesa
33;suecia;78.0;ataque
27;suecia;77.5;ataque
28;suecia;78.0;defesa
30;suecia;77.0;ataque
34;suecia;77.0;defesa
33;suecia;77.0;ataque
25;suecia;78.5;defesa
33;suecia;76.0;ataque
26;suecia;75.5;ataque
25;suecia;76.5;ataque
26;suecia;76.0;defesa
27;suecia;75.5;ataque
24;suecia;76.5;ataque
27;suecia;74.5;ataque
29;suecia;74.0;ataque
30;suecia;74.0;ataque
32;suecia;74.0;ataque
34;suecia;74.0;ataque
30;suecia;73.0;defesa
25;suecia;75.0;defesa
26;suecia;74.0;ataque
29;suecia;73.5;defesa
33;suecia;73.0;defesa
29;suecia;73.0;ataque
33;suecia;73.0;defesa
22;suecia;75.5;defesa
25;suecia;74.0;ataque
26;suecia;74.5;defesa
25;suecia;73.5;ataque
25;suecia;73.0;ataque
24;suecia;74.0;ataque
24;suecia;74.5;ataque
26;suecia;73.5;ataque
28;suecia;72.0;ataque
25;suecia;74.5;ataque
28;suecia;72.0;ataque
30;suecia;72.0;defesa
27;suecia;72.5;ataque
27;suecia;73.0;ataque
30;suecia;72.5;defesa
29;suecia;72.0;ataque
27;suecia;72.5;defesa
33;suecia;72.0;ataque
31;suecia;72.0;ataque
36;suecia;72.0;ataque
19;suecia;77.5;ataque
24;suecia;73.0;ataque
25;suecia;72.0;ataque
27;suecia;72.5;defesa
27;suecia;71.5;ataque
26;suecia;73.0;defesa
28;suecia;71.0;defesa
29;suecia;71.0;defesa
28;suecia;71.0;ataque
31;suecia;71.0;defesa
28;suica;85.5;defesa
30;suica;84.5;defesa
24;suica;85.0;defesa
27;suica;82.0;ataque
26;suica;82.5;ataque
27;suica;80.5;defesa
31;suica;79.0;defesa
22;suica;81.0;defesa
27;suica;78.5;ataque
22;suica;81.0;ataque
24;suica;80.0;defesa
27;suica;78.5;defesa
27;suica;77.5;ataque
28;suica;77.0;ataque
28;suica;77.0;ataque
31;suica;77.0;defesa
33;suica;77.0;ataque
33;suica;77.0;ataque
22;suica;80.5;ataque
26;suica;77.0;ataque
29;suica;76.0;ataque
27;suica;76.0;ataque
25;suica;78.5;defesa
28;suica;76.0;ataque
34;suica;76.0;ataque
35;suica;76.0;defesa
27;suica;75.5;ataque
30;suica;75.0;ataque
25;suica;75.0;ataque
22;suica;76.5;ataque
25;suica;76.5;defesa
31;suica;74.0;defesa
32;suica;74.0;ataque
35;suica;74.0;ataque
36;suica;74.0;defesa
36;suica;74.0;ataque
24;suica;77.0;defesa
27;suica;73.5;ataque
27;suica;73.5;defesa
30;suica;73.0;ataque
21;suica;77.5;defesa
25;suica;75.0;defesa
25;suica;74.5;ataque
29;suica;72.0;defesa
31;suica;72.0;ataque
29;suica;72.0;ataque
22;suica;76.0;ataque
23;suica;75.0;ataque
27;suica;72.0;defesa
27;suica;71.0;ataque
31;suica;71.0;defesa
30;suica;71.0;defesa
24;suica;73.0;ataque
23;suica;72.0;defesa
26;suica;71.0;ataque
27;suica;71.0;defesa
33;suica;70.0;defesa
23;suica;72.5;ataque
21;suica;73.5;defesa
28;suica;69.0;ataque
24;servia;87.5;ataque
30;servia;84.0;ataque
31;servia;83.0;ataque
33;servia;83.0;defesa
21;servia;85.0;ataque
27;servia;80.5;defesa
26;servia;80.5;ataque
28;servia;80.5;ataque
26;servia;82.0;defesa
31;servia;80.0;defesa
27;servia;79.5;ataque
24;servia;80.0;ataque
27;servia;79.5;defesa
30;servia;78.0;ataque
24;servia;80.0;ataque
31;servia;77.0;defesa
31;servia;77.0;ataque
30;servia;77.0;defesa
35;servia;77.0;ataque
23;servia;81.0;ataque
24;servia;79.0;ataque
23;servia;79.5;ataque
29;servia;76.0;ataque
27;servia;75.5;ataque
26;servia;76.5;ataque
23;servia;78.0;defesa
29;servia;75.5;defesa
28;servia;75.0;ataque
34;servia;75.0;ataque
30;servia;75.0;defesa
21;servia;78.5;defesa
27;servia;74.5;ataque
28;servia;74.0;ataque
25;servia;75.0;ataque
30;servia;74.0;defesa
31;servia;74.0;defesa
27;servia;74.5;ataque
21;servia;77.0;ataque
23;servia;76.5;ataque
23;servia;75.0;defesa
32;servia;73.0;defesa
29;servia;73.0;ataque
34;servia;73.0;defesa
26;servia;74.0;defesa
23;servia;75.5;ataque
26;servia;73.5;defesa
27;servia;72.5;ataque
25;servia;74.5;ataque
27;servia;73.5;defesa
29;servia;72.5;defesa
26;servia;74.0;defesa
31;servia;72.0;ataque
23;servia;74.0;ataque
22;servia;75.0;defesa
25;servia;74.0;defesa
28;servia;71.0;defesa
27;servia;71.5;ataque
34;servia;71.0;ataque
33;servia;71.0;ataque
29;servia;71.0;ataque
32;argentina;94.0;ataque
25;argentina;91.5;ataque
31;argentina;89.0;ataque
26;argentina;88.0;ataque
31;argentina;87.0;ataque
31;argentina;85.0;ataque
31;argentina;84.0;defesa
31;argentina;84.0;ataque
31;argentina;84.0;ataque
23;argentina;85.0;ataque
27;argentina;82.5;defesa
32;argentina;82.0;defesa
33;argentina;82.0;ataque
27;argentina;81.0;ataque
27;argentina;83.0;defesa
24;argentina;84.0;ataque
30;argentina;81.0;ataque
31;argentina;81.0;ataque
27;argentina;81.0;ataque
36;argentina;81.0;ataque
22;argentina;84.0;ataque
25;argentina;82.5;ataque
29;argentina;80.0;ataque
29;argentina;80.0;ataque
32;argentina;80.0;defesa
25;argentina;82.5;ataque
28;argentina;81.0;defesa
28;argentina;80.0;ataque
29;argentina;80.0;ataque
26;argentina;81.0;ataque
29;argentina;80.0;defesa
31;argentina;80.0;ataque
32;argentina;80.0;defesa
34;argentina;80.0;ataque
32;argentina;80.0;defesa
35;argentina;80.0;defesa
23;argentina;82.5;ataque
26;argentina;80.5;ataque
26;argentina;81.0;defesa
29;argentina;79.0;ataque
29;argentina;79.0;defesa
30;argentina;79.0;ataque
31;argentina;79.0;ataque
32;argentina;79.0;defesa
33;argentina;79.0;ataque
33;argentina;79.0;ataque
34;argentina;79.0;ataque
21;argentina;82.5;ataque
26;argentina;79.5;ataque
28;argentina;78.0;ataque
24;argentina;81.5;ataque
26;argentina;78.5;ataque
29;argentina;78.0;defesa
32;argentina;78.0;defesa
30;argentina;78.0;defesa
31;argentina;78.0;ataque
28;argentina;79.5;defesa
33;argentina;78.0;ataque
30;argentina;78.0;ataque
34;argentina;78.0;ataque
27;brasil;92.0;ataque
34;brasil;88.0;defesa
26;brasil;89.0;defesa
27;brasil;88.0;defesa
34;brasil;87.0;defesa
26;brasil;88.0;defesa
27;brasil;86.5;ataque
28;brasil;86.0;ataque
27;brasil;86.0;ataque
31;brasil;86.0;defesa
25;brasil;87.0;defesa
25;brasil;87.5;defesa
28;brasil;85.0;ataque
34;brasil;85.0;defesa
26;brasil;85.0;defesa
26;brasil;84.5;ataque
28;brasil;84.0;ataque
30;brasil;84.5;defesa
31;brasil;84.0;ataque
31;brasil;84.0;ataque
32;brasil;84.0;defesa
22;brasil;86.5;ataque
23;brasil;86.5;ataque
27;brasil;83.0;ataque
27;brasil;83.0;defesa
27;brasil;83.0;ataque
25;brasil;85.5;ataque
30;brasil;83.0;defesa
27;brasil;83.5;ataque
28;brasil;83.0;ataque
32;brasil;83.0;defesa
31;brasil;82.0;ataque
35;brasil;82.0;defesa
31;brasil;82.0;defesa
22;brasil;85.5;ataque
26;brasil;83.5;ataque
28;brasil;82.5;defesa
27;brasil;82.5;ataque
31;brasil;82.0;ataque
32;brasil;82.0;defesa
29;brasil;82.0;ataque
37;brasil;82.0;defesa
33;brasil;82.0;defesa
22;brasil;84.0;ataque
31;brasil;81.0;ataque
31;brasil;81.0;ataque
21;brasil;84.0;defesa
22;brasil;83.0;ataque
31;brasil;80.0;ataque
35;brasil;80.0;ataque
27;brasil;81.5;ataque
26;brasil;81.0;ataque
27;brasil;80.0;ataque
29;brasil;80.0;defesa
30;brasil;80.0;defesa
33;brasil;80.0;ataque
32;brasil;80.0;ataque
30;brasil;80.0;defesa
35;brasil;80.0;defesa
34;brasil;80.0;ataque
28;colombia;87.0;ataque
31;colombia;84.0;ataque
33;colombia;84.0;ataque
23;colombia;85.0;defesa
28;colombia;82.0;ataque
26;colombia;81.5;ataque
33;colombia;80.0;ataque
27;colombia;81.5;defesa
28;colombia;80.0;ataque
24;colombia;81.0;ataque
27;colombia;79.5;defesa
31;colombia;79.0;defesa
24;colombia;80.5;defesa
25;colombia;80.5;ataque
27;colombia;78.5;ataque
32;colombia;78.0;defesa
23;colombia;80.0;ataque
28;colombia;77.0;defesa
30;colombia;77.5;defesa
30;colombia;77.0;defesa
33;colombia;77.0;defesa
26;colombia;76.5;ataque
27;colombia;76.0;ataque
28;colombia;76.0;ataque
26;colombia;78.0;defesa
34;colombia;76.0;ataque
33;colombia;76.0;ataque
31;colombia;76.0;ataque
26;colombia;76.5;ataque
33;colombia;76.0;ataque
22;colombia;80.5;ataque
20;colombia;78.5;ataque
26;colombia;76.5;defesa
23;colombia;79.0;ataque
28;colombia;75.0;ataque
29;colombia;75.0;ataque
32;colombia;75.0;ataque
26;colombia;76.5;ataque
33;colombia;75.0;ataque
31;colombia;75.0;defesa
32;colombia;75.0;ataque
31;colombia;75.0;ataque
34;colombia;75.0;ataque
29;colombia;74.0;defesa
22;colombia;79.5;ataque
23;colombia;78.5;ataque
27;colombia;74.5;defesa
25;colombia;77.0;defesa
27;colombia;74.0;ataque
32;colombia;74.0;ataque
23;colombia;77.5;defesa
30;colombia;74.0;ataque
29;colombia;74.0;ataque
32;colombia;74.0;defesa
29;colombia;74.0;defesa
27;colombia;74.0;ataque
23;colombia;77.5;ataque
29;colombia;73.0;ataque
21;colombia;78.5;defesa
27;colombia;74.5;ataque
28;peru;78.0;ataque
34;peru;77.0;ataque
29;peru;76.0;ataque
29;peru;75.0;ataque
30;peru;75.0;defesa
24;peru;76.5;ataque
29;peru;74.0;defesa
40;peru;74.0;ataque
24;peru;75.5;ataque
23;peru;76.5;defesa
29;peru;72.0;defesa
29;peru;72.0;ataque
25;peru;72.0;ataque
27;peru;72.5;defesa
23;peru;73.0;ataque
27;peru;71.5;defesa
24;peru;71.5;ataque
27;peru;69.0;defesa
24;peru;71.5;defesa
30;peru;69.0;defesa
27;peru;69.5;defesa
33;peru;68.0;defesa
24;peru;69.0;ataque
24;peru;70.0;ataque
25;peru;68.0;ataque
24;peru;69.0;ataque
22;peru;71.0;ataque
26;peru;66.5;ataque
28;peru;66.0;ataque
26;peru;66.5;ataque
31;peru;66.0;ataque
25;peru;67.5;defesa
23;peru;68.0;ataque
19;peru;69.0;defesa
23;peru;64.5;defesa
19;peru;60.5;ataque
32;uruguai;91.0;ataque
33;uruguai;90.0;defesa
32;uruguai;89.0;ataque
24;uruguai;86.0;defesa
23;uruguai;84.5;ataque
28;uruguai;82.5;defesa
32;uruguai;81.0;ataque
33;uruguai;81.0;defesa
23;uruguai;82.5;ataque
28;uruguai;80.5;ataque
30;uruguai;79.5;defesa
28;uruguai;79.0;ataque
22;uruguai;83.0;ataque
26;uruguai;78.5;ataque
28;uruguai;78.0;ataque
31;uruguai;78.0;defesa
30;uruguai;78.0;ataque
32;uruguai;78.0;defesa
23;uruguai;79.5;ataque
23;uruguai;80.5;ataque
24;uruguai;79.5;ataque
29;uruguai;77.0;ataque
28;uruguai;78.0;defesa
21;uruguai;82.0;ataque
21;uruguai;78.5;defesa
24;uruguai;78.0;defesa
24;uruguai;77.5;defesa
26;uruguai;76.5;ataque
26;uruguai;77.0;ataque
30;uruguai;75.0;ataque
26;uruguai;76.5;ataque
29;uruguai;75.0;ataque
29;uruguai;75.0;ataque
35;uruguai;75.0;defesa
23;uruguai;76.5;defesa
28;uruguai;74.0;ataque
25;uruguai;77.0;defesa
29;uruguai;74.0;ataque
35;uruguai;74.0;defesa
36;uruguai;74.0;defesa
31;uruguai;74.0;ataque
21;uruguai;78.0;ataque
21;uruguai;77.5;ataque
25;uruguai;74.0;ataque
26;uruguai;74.5;ataque
25;uruguai;75.5;defesa
26;uruguai;74.5;ataque
33;uruguai;73.0;defesa
28;uruguai;73.0;ataque
30;uruguai;73.0;defesa
34;uruguai;73.0;defesa
35;uruguai;73.0;defesa
36;uruguai;73.0;defesa
23;uruguai;75.5;defesa
27;uruguai;72.0;ataque
25;uruguai;74.5;defesa
26;uruguai;73.5;ataque
31;uruguai;72.0;defesa
30;uruguai;72.0;ataque
27;uruguai;72.5;ataque
32;costa_rica;87.0;defesa
30;costa_rica;76.0;defesa
31;costa_rica;76.0;ataque
31;costa_rica;75.0;defesa
27;costa_rica;75.0;ataque
29;costa_rica;71.0;ataque
32;costa_rica;71.0;defesa
27;costa_rica;71.5;defesa
25;costa_rica;72.5;ataque
27;costa_rica;69.5;ataque
29;costa_rica;69.0;defesa
29;costa_rica;69.0;defesa
26;costa_rica;68.5;ataque
25;costa_rica;69.0;ataque
26;costa_rica;68.5;defesa
28;costa_rica;67.0;defesa
20;costa_rica;70.5;ataque
25;costa_rica;67.5;defesa
26;costa_rica;66.5;ataque
22;costa_rica;69.0;ataque
21;costa_rica;70.0;defesa
24;costa_rica;68.0;defesa
29;costa_rica;65.0;defesa
31;costa_rica;64.0;ataque
22;costa_rica;66.0;ataque
23;costa_rica;63.5;defesa
28;costa_rica;62.0;ataque
20;costa_rica;66.5;defesa
21;costa_rica;63.0;ataque
30;mexico;83.0;ataque
24;mexico;84.5;ataque
26;mexico;82.5;ataque
32;mexico;82.0;ataque
29;mexico;82.0;ataque
28;mexico;78.0;ataque
31;mexico;78.0;ataque
31;mexico;78.0;ataque
31;mexico;78.0;defesa
29;mexico;78.0;ataque
34;mexico;78.0;defesa
25;mexico;79.0;defesa
25;mexico;79.0;ataque
31;mexico;77.0;ataque
24;mexico;79.0;ataque
29;mexico;76.0;ataque
28;mexico;77.0;defesa
26;mexico;77.5;defesa
29;mexico;76.0;ataque
33;mexico;76.0;defesa
21;mexico;79.0;defesa
24;mexico;77.5;ataque
31;mexico;75.0;ataque
26;mexico;75.5;ataque
30;mexico;75.0;ataque
30;mexico;75.0;ataque
32;mexico;75.0;defesa
35;mexico;75.0;ataque
38;mexico;75.0;defesa
25;mexico;75.5;ataque
23;mexico;78.0;ataque
26;mexico;74.5;ataque
25;mexico;76.5;ataque
28;mexico;74.0;ataque
28;mexico;74.0;defesa
27;mexico;75.5;defesa
30;mexico;74.0;ataque
32;mexico;74.0;defesa
33;mexico;74.0;defesa
36;mexico;74.0;defesa
22;mexico;77.0;defesa
30;mexico;73.0;ataque
31;mexico;73.0;defesa
30;mexico;73.0;defesa
31;mexico;73.0;ataque
19;mexico;78.5;ataque
21;mexico;75.5;ataque
25;mexico;73.5;ataque
23;mexico;75.5;defesa
28;mexico;72.0;ataque
23;mexico;75.5;ataque
27;mexico;72.5;ataque
25;mexico;74.0;ataque
33;mexico;72.0;defesa
29;mexico;73.0;defesa
30;mexico;72.0;defesa
33;mexico;72.0;ataque
31;mexico;72.0;defesa
20;mexico;76.0;ataque
22;mexico;76.5;ataque
29;panama;73.0;ataque
23;panama;76.0;defesa
25;panama;72.5;ataque
33;panama;70.0;defesa
27;panama;69.5;defesa
35;panama;68.0;defesa
24;panama;68.5;ataque
22;panama;64.0;ataque
25;panama;62.5;ataque
23;panama;57.0;ataque
27;egito;89.0;ataque
24;egito;79.0;ataque
27;egito;78.0;ataque
28;egito;76.5;defesa
22;egito;76.5;ataque
25;egito;75.5;ataque
26;egito;74.5;ataque
25;egito;73.5;ataque
27;egito;73.5;defesa
31;egito;71.0;ataque
34;egito;71.0;ataque
33;egito;71.0;ataque
28;egito;70.5;ataque
32;egito;70.0;ataque
34;egito;70.0;defesa
24;egito;73.0;defesa
28;egito;69.0;ataque
27;egito;70.5;defesa
36;egito;69.0;defesa
30;egito;68.0;defesa
27;egito;68.5;ataque
34;egito;68.0;defesa
27;egito;67.5;defesa
27;egito;67.5;defesa
30;egito;67.0;defesa
29;egito;66.5;defesa
30;egito;66.5;defesa
23;egito;69.5;defesa
30;egito;66.0;ataque
35;egito;66.0;defesa
26;marrocos;85.5;ataque
29;marrocos;80.0;ataque
28;marrocos;80.5;defesa
20;marrocos;82.0;defesa
25;marrocos;79.5;ataque
29;marrocos;78.0;defesa
31;marrocos;78.0;ataque
32;marrocos;78.0;ataque
35;marrocos;78.0;ataque
22;marrocos;81.5;ataque
28;marrocos;77.0;ataque
29;marrocos;77.0;defesa
30;marrocos;77.0;ataque
34;marrocos;77.0;ataque
21;marrocos;80.0;ataque
23;marrocos;80.0;ataque
29;marrocos;76.0;ataque
33;marrocos;76.0;ataque
23;marrocos;78.5;ataque
31;marrocos;75.0;defesa
25;marrocos;77.0;ataque
26;marrocos;76.0;ataque
33;marrocos;75.0;defesa
33;marrocos;75.0;ataque
22;marrocos;77.0;ataque
24;marrocos;78.0;ataque
30;marrocos;74.5;defesa
33;marrocos;74.0;ataque
25;marrocos;75.0;ataque
23;marrocos;76.0;ataque
25;marrocos;74.5;ataque
27;marrocos;73.5;ataque
28;marrocos;73.0;ataque
30;marrocos;73.0;ataque
30;marrocos;72.0;defesa
32;marrocos;72.0;defesa
28;marrocos;72.0;ataque
27;marrocos;72.5;defesa
27;marrocos;71.0;ataque
28;marrocos;71.0;defesa
30;marrocos;71.0;ataque
28;marrocos;71.0;ataque
21;marrocos;76.5;defesa
28;marrocos;70.0;ataque
26;marrocos;71.0;ataque
30;marrocos;70.0;ataque
21;marrocos;75.5;ataque
29;marrocos;69.0;defesa
24;marrocos;71.5;ataque
29;marrocos;69.5;defesa
21;marrocos;73.0;ataque
28;marrocos;68.0;ataque
21;marrocos;73.0;ataque
23;marrocos;71.5;ataque
28;marrocos;68.0;defesa
26;marrocos;68.0;ataque
23;marrocos;71.0;defesa
24;marrocos;70.0;ataque
21;marrocos;72.5;ataque
27;marrocos;68.5;defesa
22;nigeria;83.0;ataque
23;nigeria;80.5;ataque
28;nigeria;78.0;ataque
22;nigeria;81.5;ataque
30;nigeria;77.0;ataque
24;nigeria;79.0;ataque
22;nigeria;80.5;ataque
24;nigeria;77.5;ataque
26;nigeria;76.5;ataque
26;nigeria;75.5;ataque
31;nigeria;75.0;defesa
32;nigeria;75.0;ataque
20;nigeria;80.0;ataque
21;nigeria;78.5;ataque
22;nigeria;77.5;defesa
22;nigeria;78.5;ataque
26;nigeria;76.0;defesa
26;nigeria;75.5;ataque
26;nigeria;75.5;ataque
26;nigeria;75.0;ataque
28;nigeria;74.0;ataque
30;nigeria;73.0;ataque
20;nigeria;78.5;ataque
23;nigeria;76.5;ataque
22;nigeria;76.5;ataque
23;nigeria;76.5;ataque
23;nigeria;76.5;ataque
25;nigeria;76.5;defesa
28;nigeria;73.0;ataque
23;nigeria;76.5;ataque
26;nigeria;73.5;ataque
23;nigeria;76.0;ataque
25;nigeria;74.5;ataque
27;nigeria;72.5;ataque
25;nigeria;73.5;ataque
26;nigeria;73.0;ataque
33;nigeria;71.0;ataque
24;nigeria;73.5;ataque
23;nigeria;74.0;ataque
22;nigeria;74.5;ataque
22;nigeria;74.0;ataque
25;nigeria;71.5;defesa
26;nigeria;71.5;ataque
28;nigeria;70.5;defesa
30;nigeria;70.0;defesa
31;nigeria;70.0;defesa
21;nigeria;74.0;ataque
25;nigeria;70.5;ataque
22;nigeria;73.5;ataque
23;nigeria;71.5;ataque
22;nigeria;73.5;ataque
28;nigeria;69.0;ataque
25;nigeria;70.5;ataque
20;nigeria;76.0;ataque
25;nigeria;70.5;ataque
22;nigeria;73.0;ataque
26;nigeria;69.0;ataque
27;nigeria;68.5;ataque
25;nigeria;69.5;ataque
30;nigeria;68.0;ataque
28;senegal;89.0;defesa
27;senegal;87.0;ataque
29;senegal;83.0;defesa
29;senegal;81.0;defesa
24;senegal;82.0;ataque
21;senegal;82.5;ataque
27;senegal;78.5;defesa
33;senegal;77.0;ataque
23;senegal;80.5;ataque
28;senegal;76.0;ataque
26;senegal;76.5;defesa
24;senegal;78.5;ataque
26;senegal;77.5;defesa
29;senegal;76.0;ataque
24;senegal;77.0;ataque
27;senegal;75.5;ataque
26;senegal;76.5;ataque
29;senegal;75.0;defesa
26;senegal;76.0;ataque
32;senegal;75.0;ataque
30;senegal;75.0;ataque
34;senegal;75.0;ataque
34;senegal;75.0;ataque
32;senegal;74.0;ataque
20;senegal;79.5;ataque
34;senegal;74.0;defesa
29;senegal;74.0;ataque
29;senegal;74.0;ataque
32;senegal;74.0;defesa
29;senegal;74.0;ataque
22;senegal;77.5;ataque
21;senegal;77.0;ataque
23;senegal;76.5;defesa
24;senegal;76.5;ataque
24;senegal;75.0;defesa
29;senegal;73.0;ataque
30;senegal;73.0;ataque
28;senegal;73.0;ataque
34;senegal;73.0;ataque
26;senegal;73.5;ataque
30;senegal;72.0;ataque
29;senegal;72.0;ataque
28;senegal;73.0;defesa
30;senegal;72.0;defesa
30;senegal;72.0;defesa
31;senegal;72.0;ataque
33;senegal;71.0;ataque
25;senegal;72.5;ataque
29;senegal;71.0;defesa
27;senegal;72.5;defesa
30;senegal;71.0;ataque
25;senegal;71.5;ataque
23;senegal;73.5;defesa
32;senegal;70.0;ataque
20;senegal;75.5;ataque
20;senegal;75.0;defesa
27;senegal;69.5;ataque
25;senegal;70.0;defesa
28;senegal;69.0;ataque
29;senegal;69.0;defesa
28;tunisia;79.0;ataque
24;tunisia;79.0;ataque
27;tunisia;76.0;ataque
24;tunisia;78.5;defesa
27;tunisia;73.5;defesa
34;tunisia;73.0;ataque
26;tunisia;73.5;defesa
22;tunisia;75.5;ataque
24;tunisia;74.0;ataque
30;tunisia;72.0;defesa
32;tunisia;72.0;defesa
28;tunisia;71.0;ataque
24;tunisia;74.5;defesa
30;tunisia;71.0;defesa
32;tunisia;71.0;ataque
30;tunisia;70.5;defesa
28;tunisia;70.0;ataque
33;tunisia;70.0;ataque
26;tunisia;69.5;ataque
27;tunisia;69.5;ataque
23;tunisia;72.0;ataque
29;tunisia;68.5;defesa
27;tunisia;68.5;ataque
25;tunisia;70.0;ataque
30;tunisia;68.0;ataque
32;tunisia;68.0;ataque
28;tunisia;67.0;ataque
31;tunisia;67.0;ataque
26;tunisia;66.5;ataque
36;tunisia;66.0;defesa
32;tunisia;65.0;defesa
25;tunisia;65.5;ataque
30;tunisia;64.0;defesa
25;tunisia;64.0;ataque
25;tunisia;64.5;ataque
20;tunisia;69.0;ataque
35;tunisia;62.0;ataque
25;tunisia;63.5;defesa
28;tunisia;61.0;defesa
21;tunisia;65.5;defesa
20;tunisia;66.0;ataque
26;ira;77.5;ataque
29;ira;74.0;ataque
27;ira;72.5;ataque
26;ira;73.5;defesa
23;ira;71.5;ataque
32;ira;69.0;ataque
31;ira;69.0;ataque
22;ira;73.5;ataque
23;ira;70.5;defesa
31;ira;67.0;ataque
23;ira;68.5;defesa
26;ira;66.5;ataque
18;ira;69.5;ataque
31;japao;80.0;ataque
30;japao;80.0;ataque
35;japao;79.0;defesa
29;japao;78.0;defesa
33;japao;78.0;ataque
31;japao;76.0;ataque
27;japao;76.5;ataque
27;japao;76.5;ataque
29;japao;76.0;ataque
26;japao;77.5;defesa
31;japao;75.0;defesa
26;japao;74.5;ataque
28;japao;74.0;ataque
33;japao;74.0;ataque
32;japao;74.0;defesa
28;japao;73.5;defesa
20;japao;78.5;defesa
23;japao;76.5;ataque
21;japao;78.5;ataque
33;japao;73.0;defesa
24;japao;76.5;ataque
30;japao;73.0;ataque
28;japao;72.0;ataque
33;japao;72.0;defesa
25;japao;73.5;ataque
28;japao;72.0;defesa
33;japao;72.0;ataque
27;japao;72.0;ataque
38;japao;72.0;ataque
39;japao;72.0;ataque
25;japao;73.0;ataque
26;japao;72.5;ataque
27;japao;71.5;ataque
31;japao;71.0;ataque
29;japao;71.0;ataque
30;japao;71.0;ataque
24;japao;74.0;defesa
32;japao;71.0;ataque
26;japao;72.5;ataque
29;japao;71.0;ataque
33;japao;71.0;ataque
22;japao;75.5;ataque
26;japao;71.0;ataque
24;japao;72.0;ataque
27;japao;70.5;defesa
23;japao;73.0;ataque
26;japao;70.5;ataque
27;japao;70.5;ataque
35;japao;70.0;ataque
24;japao;72.5;ataque
29;japao;70.0;ataque
29;japao;70.0;ataque
28;japao;70.0;ataque
32;japao;70.0;defesa
32;japao;70.0;defesa
32;japao;70.0;defesa
31;japao;70.0;defesa
36;japao;70.0;defesa
24;japao;72.0;defesa
26;japao;69.5;ataque
27;coreia_do_sul;87.5;ataque
30;coreia_do_sul;76.0;ataque
30;coreia_do_sul;76.0;ataque
27;coreia_do_sul;76.0;defesa
25;coreia_do_sul;76.5;ataque
30;coreia_do_sul;74.0;defesa
22;coreia_do_sul;76.5;defesa
27;coreia_do_sul;73.5;ataque
28;coreia_do_sul;73.0;ataque
31;coreia_do_sul;73.0;ataque
31;coreia_do_sul;73.0;ataque
18;coreia_do_sul;80.0;ataque
22;coreia_do_sul;76.0;ataque
23;coreia_do_sul;76.0;ataque
27;coreia_do_sul;72.5;ataque
31;coreia_do_sul;72.0;ataque
28;coreia_do_sul;72.0;ataque
29;coreia_do_sul;72.0;ataque
32;coreia_do_sul;72.0;defesa
35;coreia_do_sul;72.0;defesa
27;coreia_do_sul;71.0;ataque
25;coreia_do_sul;72.0;ataque
24;coreia_do_sul;73.0;defesa
27;coreia_do_sul;71.5;ataque
28;coreia_do_sul;71.0;ataque
27;coreia_do_sul;72.0;defesa
30;coreia_do_sul;71.0;ataque
31;coreia_do_sul;71.0;ataque
32;coreia_do_sul;71.0;ataque
30;coreia_do_sul;71.0;defesa
28;coreia_do_sul;71.0;ataque
32;coreia_do_sul;71.0;ataque
31;coreia_do_sul;71.0;ataque
34;coreia_do_sul;71.0;defesa
21;coreia_do_sul;73.0;ataque
22;coreia_do_sul;72.5;ataque
25;coreia_do_sul;72.5;defesa
25;coreia_do_sul;72.5;ataque
28;coreia_do_sul;70.0;ataque
28;coreia_do_sul;70.0;ataque
29;coreia_do_sul;70.0;ataque
26;coreia_do_sul;71.5;ataque
28;coreia_do_sul;71.0;defesa
30;coreia_do_sul;70.0;defesa
29;coreia_do_sul;70.5;defesa
32;coreia_do_sul;70.0;defesa
33;coreia_do_sul;70.0;ataque
33;coreia_do_sul;70.0;ataque
34;coreia_do_sul;70.0;ataque
36;coreia_do_sul;70.0;ataque
25;coreia_do_sul;70.5;ataque
26;coreia_do_sul;70.5;ataque
28;coreia_do_sul;69.5;defesa
28;coreia_do_sul;69.0;ataque
30;coreia_do_sul;69.0;ataque
28;coreia_do_sul;70.0;defesa
36;coreia_do_sul;69.0;defesa
34;coreia_do_sul;69.0;ataque
27;coreia_do_sul;69.5;defesa
25;coreia_do_sul;69.5;ataque
28;arabia_saudita;73.0;ataque
30;arabia_saudita;73.0;ataque
27;arabia_saudita;73.5;defesa
27;arabia_saudita;72.5;defesa
29;arabia_saudita;72.0;ataque
26;arabia_saudita;72.0;defesa
27;arabia_saudita;72.5;ataque
27;arabia_saudita;72.0;defesa
33;arabia_saudita;71.0;defesa
35;arabia_saudita;71.0;ataque
24;arabia_saudita;73.0;ataque
30;arabia_saudita;70.0;ataque
31;arabia_saudita;70.0;ataque
29;arabia_saudita;70.0;ataque
35;arabia_saudita;70.0;ataque
29;arabia_saudita;69.0;defesa
25;arabia_saudita;70.0;ataque
29;arabia_saudita;69.0;ataque
28;arabia_saudita;69.0;ataque
27;arabia_saudita;69.5;ataque
29;arabia_saudita;68.0;ataque
28;arabia_saudita;68.0;defesa
31;arabia_saudita;68.0;defesa
27;arabia_saudita;68.0;ataque
32;arabia_saudita;68.0;ataque
35;arabia_saudita;68.0;defesa
33;arabia_saudita;68.0;defesa
33;arabia_saudita;68.0;ataque
24;arabia_saudita;69.5;ataque
32;arabia_saudita;67.0;defesa
32;arabia_saudita;67.0;ataque
27;arabia_saudita;68.0;defesa
27;arabia_saudita;68.0;defesa
27;arabia_saudita;68.0;defesa
26;arabia_saudita;69.5;defesa
25;arabia_saudita;68.0;defesa
26;arabia_saudita;67.5;defesa
25;arabia_saudita;67.5;ataque
28;arabia_saudita;66.0;ataque
24;arabia_saudita;69.0;ataque
28;arabia_saudita;66.0;ataque
26;arabia_saudita;67.0;ataque
26;arabia_saudita;66.0;defesa
32;arabia_saudita;66.0;defesa
31;arabia_saudita;66.0;defesa
31;arabia_saudita;66.0;ataque
23;arabia_saudita;70.5;ataque
25;arabia_saudita;68.0;defesa
21;arabia_saudita;68.5;ataque
28;arabia_saudita;65.0;ataque
25;arabia_saudita;66.5;defesa
25;arabia_saudita;66.5;ataque
25;arabia_saudita;67.0;defesa
26;arabia_saudita;67.5;defesa
28;arabia_saudita;65.5;ataque
25;arabia_saudita;67.5;ataque
34;arabia_saudita;65.0;defesa
28;arabia_saudita;65.0;ataque
26;arabia_saudita;65.5;ataque
35;arabia_saudita;65.0;defesa
27;australia;81.5;defesa
28;australia;77.0;ataque
26;australia;77.5;ataque
28;australia;75.0;ataque
34;australia;75.0;defesa
37;australia;75.0;defesa
25;australia;77.5;defesa
27;australia;75.0;defesa
26;australia;74.5;ataque
28;australia;73.0;defesa
27;australia;72.5;defesa
26;australia;73.5;ataque
30;australia;72.0;ataque
31;australia;72.0;defesa
31;australia;72.0;defesa
24;australia;74.0;ataque
23;australia;75.0;ataque
29;australia;71.0;ataque
27;australia;72.5;defesa
27;australia;71.0;ataque
35;australia;71.0;defesa
35;australia;71.0;defesa
31;australia;71.0;defesa
34;australia;71.0;defesa
31;australia;71.0;ataque
34;australia;71.0;defesa
26;australia;71.0;ataque
27;australia;70.5;defesa
26;australia;70.0;ataque
25;australia;70.5;ataque
28;australia;69.0;ataque
26;australia;70.5;ataque
29;australia;69.0;defesa
30;australia;69.0;ataque
31;australia;69.0;defesa
35;australia;69.0;ataque
28;australia;69.0;defesa
26;australia;69.0;ataque
27;australia;68.0;ataque
25;australia;70.5;ataque
27;australia;69.5;ataque
28;australia;68.0;defesa
29;australia;68.0;defesa
31;australia;68.0;defesa
30;australia;68.0;defesa
31;australia;68.0;defesa
31;australia;68.0;ataque
33;australia;68.0;ataque
20;australia;72.0;ataque
22;australia;69.5;defesa
24;australia;70.0;ataque
22;australia;72.5;ataque
30;australia;67.0;defesa
25;australia;68.5;ataque
24;australia;69.5;defesa
27;australia;67.0;ataque
26;australia;68.5;ataque
29;australia;67.0;ataque
32;australia;67.0;ataque
32;australia;67.0;ataque
